0,ScientificForm[0., 2]
200000,ScientificForm[1.1374240637967417*^6, 2]
400000,ScientificForm[2.2748481275934833*^6, 2]
600000,ScientificForm[3.4122721913902247*^6, 2]
800000,ScientificForm[4.549696255186967*^6, 2]
1000000,ScientificForm[5.687120318983708*^6, 2]